{"cameraMode":{"drawMode":0,"name":"Shaded","section":"Shading Mode"},"sceneLighting":true,"audioPlay":false,"sceneViewState":{"showFog":true,"showMaterialUpdate":false,"showSkybox":true,"showFlares":true,"showImageEffects":true,"showParticleSystems":true},"in2DMode":false,"pivot":{"x":289.743408203125,"y":2.2829489707946779,"z":227.43118286132813},"rotation":{"x":0.1911531686782837,"y":0.2373226284980774,"z":-0.047690197825431827,"w":0.9512434601783752},"size":6.555269718170166,"orthographic":false}